estacion,fecha,temperatura,precipitacion_mm
Buenos Aires,2023-01-01,27.0,0.0
Buenos Aires,2023-01-02,25.7,0.0
Buenos Aires,2023-01-03,25.5,4.0
Buenos Aires,2023-01-04,25.5,0.0
Buenos Aires,2023-01-05,24.8,0.7
Buenos Aires,2023-01-06,24.9,0.0
Buenos Aires,2023-01-07,22.5,0.0
Buenos Aires,2023-01-08,24.8,0.7
Buenos Aires,2023-01-09,24.5,0.0
Buenos Aires,2023-01-10,21.6,1.4
Buenos Aires,2023-01-11,24.8,0.0
Buenos Aires,2023-01-12,26.1,0.1
Buenos Aires,2023-01-13,24.6,2.3
Buenos Aires,2023-01-14,27.7,0.0
Buenos Aires,2023-01-15,25.7,4.8
Buenos Aires,2023-01-16,23.6,2.2
Buenos Aires,2023-01-17,,0.0
Buenos Aires,2023-01-18,,7.0
Buenos Aires,2023-01-19,26.0,0.0
Buenos Aires,2023-01-20,27.3,0.4
Buenos Aires,2023-01-21,25.3,0.0
Buenos Aires,2023-01-22,24.8,3.5
Buenos Aires,2023-01-23,22.7,0.0
Buenos Aires,2023-01-24,23.6,3.2
Buenos Aires,2023-01-25,23.9,3.4
Buenos Aires,2023-01-26,26.4,0.0
Buenos Aires,2023-01-27,26.9,0.9
Buenos Aires,2023-01-28,26.6,4.0
Buenos Aires,2023-01-29,22.0,0.7
Buenos Aires,2023-01-30,27.2,0.0
Buenos Aires,2023-01-31,26.5,0.0
Buenos Aires,2023-02-01,27.5,0.0
Buenos Aires,2023-02-02,25.5,0.0
Buenos Aires,2023-02-03,23.4,0.0
Buenos Aires,2023-02-04,24.5,0.0
Buenos Aires,2023-02-05,27.6,0.0
Buenos Aires,2023-02-06,24.6,0.0
Buenos Aires,2023-02-07,23.8,0.0
Buenos Aires,2023-02-08,23.8,0.0
Buenos Aires,2023-02-09,24.9,0.0
Buenos Aires,2023-02-10,22.5,0.0
Buenos Aires,2023-02-11,23.0,0.0
Buenos Aires,2023-02-12,25.7,0.0
Buenos Aires,2023-02-13,24.5,4.5
Buenos Aires,2023-02-14,26.5,0.0
Buenos Aires,2023-02-15,24.0,0.0
Buenos Aires,2023-02-16,23.0,0.0
Buenos Aires,2023-02-17,22.7,0.0
Buenos Aires,2023-02-18,18.0,0.3
Buenos Aires,2023-02-19,23.9,0.0
Buenos Aires,2023-02-20,22.8,0.0
Buenos Aires,2023-02-21,23.8,0.0
Buenos Aires,2023-02-22,23.4,0.0
Buenos Aires,2023-02-23,22.6,1.4
Buenos Aires,2023-02-24,20.5,1.9
Buenos Aires,2023-02-25,20.6,0.0
Buenos Aires,2023-02-26,22.1,1.3
Buenos Aires,2023-02-27,22.9,0.0
Buenos Aires,2023-02-28,,0.0
Buenos Aires,2023-03-01,19.8,2.6
Buenos Aires,2023-03-02,24.8,0.0
Buenos Aires,2023-03-03,,0.0
Buenos Aires,2023-03-04,19.8,1.8
Buenos Aires,2023-03-05,20.5,0.0
Buenos Aires,2023-03-06,21.5,2.1
Buenos Aires,2023-03-07,20.6,2.3
Buenos Aires,2023-03-08,22.5,0.8
Buenos Aires,2023-03-09,20.8,5.2
Buenos Aires,2023-03-10,20.3,0.0
Buenos Aires,2023-03-11,22.0,0.0
Buenos Aires,2023-03-12,,0.2
Buenos Aires,2023-03-13,25.7,0.0
Buenos Aires,2023-03-14,21.0,0.0
Buenos Aires,2023-03-15,21.9,0.0
Buenos Aires,2023-03-16,21.3,0.0
Buenos Aires,2023-03-17,20.7,0.0
Buenos Aires,2023-03-18,18.6,4.6
Buenos Aires,2023-03-19,20.3,0.0
Buenos Aires,2023-03-20,20.0,0.0
Buenos Aires,2023-03-21,17.1,0.0
Buenos Aires,2023-03-22,20.9,0.8
Buenos Aires,2023-03-23,17.4,0.0
Buenos Aires,2023-03-24,21.1,0.0
Buenos Aires,2023-03-25,19.8,0.0
Buenos Aires,2023-03-26,18.4,0.6
Buenos Aires,2023-03-27,17.2,0.0
Buenos Aires,2023-03-28,20.3,0.0
Buenos Aires,2023-03-29,18.0,0.0
Buenos Aires,2023-03-30,23.8,0.0
Buenos Aires,2023-03-31,18.4,2.6
Buenos Aires,2023-04-01,15.9,0.0
Buenos Aires,2023-04-02,18.9,0.0
Buenos Aires,2023-04-03,17.3,5.3
Buenos Aires,2023-04-04,19.0,0.0
Buenos Aires,2023-04-05,16.6,0.0
Buenos Aires,2023-04-06,18.9,0.0
Buenos Aires,2023-04-07,15.4,0.0
Buenos Aires,2023-04-08,16.0,0.0
Buenos Aires,2023-04-09,,1.9
Buenos Aires,2023-04-10,20.3,0.0
Buenos Aires,2023-04-11,16.8,0.0
Buenos Aires,2023-04-12,14.2,0.0
Buenos Aires,2023-04-13,18.6,0.0
Buenos Aires,2023-04-14,18.4,3.3
Buenos Aires,2023-04-15,16.7,0.0
Buenos Aires,2023-04-16,16.5,0.0
Buenos Aires,2023-04-17,18.7,0.0
Buenos Aires,2023-04-18,15.7,0.0
Buenos Aires,2023-04-19,16.1,0.0
Buenos Aires,2023-04-20,15.8,0.0
Buenos Aires,2023-04-21,15.7,1.3
Buenos Aires,2023-04-22,13.5,0.0
Buenos Aires,2023-04-23,16.4,0.1
Buenos Aires,2023-04-24,11.7,0.0
Buenos Aires,2023-04-25,13.0,0.0
Buenos Aires,2023-04-26,14.0,0.0
Buenos Aires,2023-04-27,15.7,0.1
Buenos Aires,2023-04-28,11.9,0.0
Buenos Aires,2023-04-29,18.6,0.0
Buenos Aires,2023-04-30,15.5,0.0
Buenos Aires,2023-05-01,10.0,0.0
Buenos Aires,2023-05-02,14.3,1.2
Buenos Aires,2023-05-03,12.3,0.3
Buenos Aires,2023-05-04,17.0,1.6
Buenos Aires,2023-05-05,15.5,6.2
Buenos Aires,2023-05-06,16.0,0.0
Buenos Aires,2023-05-07,17.6,0.0
Buenos Aires,2023-05-08,15.3,0.9
Buenos Aires,2023-05-09,12.7,1.4
Buenos Aires,2023-05-10,16.8,0.0
Buenos Aires,2023-05-11,12.4,0.0
Buenos Aires,2023-05-12,10.3,0.0
Buenos Aires,2023-05-13,11.9,0.0
Buenos Aires,2023-05-14,12.9,0.0
Buenos Aires,2023-05-15,,0.0
Buenos Aires,2023-05-16,12.4,0.1
Buenos Aires,2023-05-17,,0.0
Buenos Aires,2023-05-18,12.4,0.0
Buenos Aires,2023-05-19,8.3,0.0
Buenos Aires,2023-05-20,14.6,0.0
Buenos Aires,2023-05-21,13.3,0.0
Buenos Aires,2023-05-22,12.0,0.0
Buenos Aires,2023-05-23,10.8,0.0
Buenos Aires,2023-05-24,12.1,0.0
Buenos Aires,2023-05-25,10.4,0.0
Buenos Aires,2023-05-26,10.8,0.0
Buenos Aires,2023-05-27,12.2,0.0
Buenos Aires,2023-05-28,12.5,0.4
Buenos Aires,2023-05-29,12.8,0.0
Buenos Aires,2023-05-30,12.4,0.0
Buenos Aires,2023-05-31,13.7,0.0
Buenos Aires,2023-06-01,9.9,0.0
Buenos Aires,2023-06-02,10.6,0.0
Buenos Aires,2023-06-03,13.1,0.0
Buenos Aires,2023-06-04,13.5,0.0
Buenos Aires,2023-06-05,10.9,0.0
Buenos Aires,2023-06-06,11.4,0.0
Buenos Aires,2023-06-07,10.4,0.0
Buenos Aires,2023-06-08,9.0,0.8
Buenos Aires,2023-06-09,14.8,0.0
Buenos Aires,2023-06-10,12.1,0.0
Buenos Aires,2023-06-11,11.8,1.4
Buenos Aires,2023-06-12,10.6,0.0
Buenos Aires,2023-06-13,9.0,0.0
Buenos Aires,2023-06-14,8.7,2.9
Buenos Aires,2023-06-15,9.7,0.0
Buenos Aires,2023-06-16,,0.0
Buenos Aires,2023-06-17,10.7,0.0
Buenos Aires,2023-06-18,12.5,0.0
Buenos Aires,2023-06-19,9.2,0.0
Buenos Aires,2023-06-20,8.8,3.0
Buenos Aires,2023-06-21,12.9,0.0
Buenos Aires,2023-06-22,11.8,1.4
Buenos Aires,2023-06-23,9.8,1.3
Buenos Aires,2023-06-24,10.7,0.0
Buenos Aires,2023-06-25,8.4,0.0
Buenos Aires,2023-06-26,9.8,4.1
Buenos Aires,2023-06-27,10.8,6.6
Buenos Aires,2023-06-28,10.5,1.6
Buenos Aires,2023-06-29,10.0,0.0
Buenos Aires,2023-06-30,14.6,0.0
Buenos Aires,2023-07-01,10.8,0.0
Buenos Aires,2023-07-02,12.4,0.0
Buenos Aires,2023-07-03,13.6,0.7
Buenos Aires,2023-07-04,14.4,0.4
Buenos Aires,2023-07-05,8.4,0.0
Buenos Aires,2023-07-06,12.1,7.3
Buenos Aires,2023-07-07,6.4,0.0
Buenos Aires,2023-07-08,10.7,0.0
Buenos Aires,2023-07-09,13.8,0.0
Buenos Aires,2023-07-10,8.3,0.0
Buenos Aires,2023-07-11,11.1,0.0
Buenos Aires,2023-07-12,7.5,0.0
Buenos Aires,2023-07-13,13.8,0.0
Buenos Aires,2023-07-14,12.5,0.0
Buenos Aires,2023-07-15,9.3,1.8
Buenos Aires,2023-07-16,10.9,0.0
Buenos Aires,2023-07-17,10.1,0.0
Buenos Aires,2023-07-18,5.4,0.1
Buenos Aires,2023-07-19,8.6,0.0
Buenos Aires,2023-07-20,10.4,0.0
Buenos Aires,2023-07-21,10.5,0.0
Buenos Aires,2023-07-22,9.6,0.0
Buenos Aires,2023-07-23,11.8,6.2
Buenos Aires,2023-07-24,7.9,0.0
Buenos Aires,2023-07-25,11.7,0.0
Buenos Aires,2023-07-26,9.0,0.0
Buenos Aires,2023-07-27,10.2,0.0
Buenos Aires,2023-07-28,11.0,0.0
Buenos Aires,2023-07-29,14.0,0.0
Buenos Aires,2023-07-30,13.0,0.0
Buenos Aires,2023-07-31,11.3,0.1
Buenos Aires,2023-08-01,12.4,0.0
Buenos Aires,2023-08-02,13.9,0.3
Buenos Aires,2023-08-03,7.8,0.0
Buenos Aires,2023-08-04,14.2,0.0
Buenos Aires,2023-08-05,11.8,0.0
Buenos Aires,2023-08-06,7.1,0.0
Buenos Aires,2023-08-07,13.5,0.0
Buenos Aires,2023-08-08,12.3,5.2
Buenos Aires,2023-08-09,8.3,0.0
Buenos Aires,2023-08-10,11.7,0.0
Buenos Aires,2023-08-11,7.7,0.0
Buenos Aires,2023-08-12,11.8,0.2
Buenos Aires,2023-08-13,9.8,0.0
Buenos Aires,2023-08-14,,0.0
Buenos Aires,2023-08-15,16.3,0.4
Buenos Aires,2023-08-16,11.7,0.4
Buenos Aires,2023-08-17,10.8,0.3
Buenos Aires,2023-08-18,11.4,0.0
Buenos Aires,2023-08-19,11.5,0.0
Buenos Aires,2023-08-20,10.3,0.0
Buenos Aires,2023-08-21,11.4,0.0
Buenos Aires,2023-08-22,13.4,0.0
Buenos Aires,2023-08-23,12.8,0.0
Buenos Aires,2023-08-24,12.7,0.0
Buenos Aires,2023-08-25,12.2,0.0
Buenos Aires,2023-08-26,12.2,0.0
Buenos Aires,2023-08-27,10.5,0.0
Buenos Aires,2023-08-28,16.3,0.0
Buenos Aires,2023-08-29,14.9,0.0
Buenos Aires,2023-08-30,14.5,0.0
Buenos Aires,2023-08-31,13.7,0.0
Buenos Aires,2023-09-01,12.2,0.6
Buenos Aires,2023-09-02,13.8,0.0
Buenos Aires,2023-09-03,14.2,0.8
Buenos Aires,2023-09-04,,0.0
Buenos Aires,2023-09-05,16.3,0.0
Buenos Aires,2023-09-06,14.8,0.0
Buenos Aires,2023-09-07,13.1,0.0
Buenos Aires,2023-09-08,12.9,0.9
Buenos Aires,2023-09-09,14.7,0.0
Buenos Aires,2023-09-10,11.4,0.0
Buenos Aires,2023-09-11,17.2,0.0
Buenos Aires,2023-09-12,14.7,0.6
Buenos Aires,2023-09-13,15.1,0.4
Buenos Aires,2023-09-14,14.1,0.0
Buenos Aires,2023-09-15,,1.5
Buenos Aires,2023-09-16,16.5,1.0
Buenos Aires,2023-09-17,16.0,0.0
Buenos Aires,2023-09-18,16.7,0.4
Buenos Aires,2023-09-19,16.9,0.0
Buenos Aires,2023-09-20,16.7,0.0
Buenos Aires,2023-09-21,18.2,2.9
Buenos Aires,2023-09-22,15.7,0.0
Buenos Aires,2023-09-23,14.9,0.0
Buenos Aires,2023-09-24,,0.0
Buenos Aires,2023-09-25,16.6,1.7
Buenos Aires,2023-09-26,17.2,0.0
Buenos Aires,2023-09-27,15.1,0.8
Buenos Aires,2023-09-28,16.4,0.0
Buenos Aires,2023-09-29,19.3,0.0
Buenos Aires,2023-09-30,16.5,0.0
Buenos Aires,2023-10-01,22.9,0.0
Buenos Aires,2023-10-02,18.5,0.1
Buenos Aires,2023-10-03,18.5,0.0
Buenos Aires,2023-10-04,,3.2
Buenos Aires,2023-10-05,19.1,0.4
Buenos Aires,2023-10-06,19.5,0.0
Buenos Aires,2023-10-07,18.0,0.0
Buenos Aires,2023-10-08,20.7,0.0
Buenos Aires,2023-10-09,18.5,0.0
Buenos Aires,2023-10-10,15.2,0.0
Buenos Aires,2023-10-11,17.4,0.0
Buenos Aires,2023-10-12,19.6,4.6
Buenos Aires,2023-10-13,23.0,0.0
Buenos Aires,2023-10-14,21.6,0.0
Buenos Aires,2023-10-15,20.1,5.6
Buenos Aires,2023-10-16,17.1,3.2
Buenos Aires,2023-10-17,22.5,0.0
Buenos Aires,2023-10-18,22.3,0.0
Buenos Aires,2023-10-19,20.6,0.7
Buenos Aires,2023-10-20,22.3,1.7
Buenos Aires,2023-10-21,19.0,0.0
Buenos Aires,2023-10-22,20.2,0.0
Buenos Aires,2023-10-23,22.6,3.7
Buenos Aires,2023-10-24,20.6,0.0
Buenos Aires,2023-10-25,19.3,0.5
Buenos Aires,2023-10-26,23.3,0.0
Buenos Aires,2023-10-27,23.4,0.0
Buenos Aires,2023-10-28,18.4,0.0
Buenos Aires,2023-10-29,22.3,4.8
Buenos Aires,2023-10-30,18.3,0.0
Buenos Aires,2023-10-31,25.0,0.0
Buenos Aires,2023-11-01,22.7,0.0
Buenos Aires,2023-11-02,20.0,0.0
Buenos Aires,2023-11-03,22.6,0.0
Buenos Aires,2023-11-04,23.9,0.0
Buenos Aires,2023-11-05,21.0,0.0
Buenos Aires,2023-11-06,23.6,0.0
Buenos Aires,2023-11-07,26.0,0.0
Buenos Aires,2023-11-08,21.9,0.0
Buenos Aires,2023-11-09,21.0,0.0
Buenos Aires,2023-11-10,22.9,0.0
Buenos Aires,2023-11-11,23.3,0.0
Buenos Aires,2023-11-12,25.5,0.0
Buenos Aires,2023-11-13,23.1,0.0
Buenos Aires,2023-11-14,22.7,0.8
Buenos Aires,2023-11-15,25.3,0.0
Buenos Aires,2023-11-16,19.1,0.0
Buenos Aires,2023-11-17,,0.0
Buenos Aires,2023-11-18,22.3,1.2
Buenos Aires,2023-11-19,23.5,0.0
Buenos Aires,2023-11-20,23.5,0.0
Buenos Aires,2023-11-21,23.7,0.0
Buenos Aires,2023-11-22,25.7,0.0
Buenos Aires,2023-11-23,23.8,11.5
Buenos Aires,2023-11-24,22.2,0.0
Buenos Aires,2023-11-25,23.2,0.0
Buenos Aires,2023-11-26,24.9,4.6
Buenos Aires,2023-11-27,23.5,1.3
Buenos Aires,2023-11-28,23.6,0.0
Buenos Aires,2023-11-29,27.6,0.0
Buenos Aires,2023-11-30,19.6,0.0
Buenos Aires,2023-12-01,22.6,4.0
Buenos Aires,2023-12-02,25.4,0.0
Buenos Aires,2023-12-03,22.3,0.0
Buenos Aires,2023-12-04,23.6,0.0
Buenos Aires,2023-12-05,27.1,0.5
Buenos Aires,2023-12-06,27.8,2.2
Buenos Aires,2023-12-07,24.3,0.0
Buenos Aires,2023-12-08,26.4,0.2
Buenos Aires,2023-12-09,27.1,0.0
Buenos Aires,2023-12-10,23.6,0.0
Buenos Aires,2023-12-11,28.8,0.7
Buenos Aires,2023-12-12,23.6,0.0
Buenos Aires,2023-12-13,26.3,0.0
Buenos Aires,2023-12-14,23.2,0.0
Buenos Aires,2023-12-15,24.7,1.0
Buenos Aires,2023-12-16,27.8,0.0
Buenos Aires,2023-12-17,27.3,0.0
Buenos Aires,2023-12-18,23.0,0.0
Buenos Aires,2023-12-19,22.3,0.0
Buenos Aires,2023-12-20,24.8,0.0
Buenos Aires,2023-12-21,27.8,0.0
Buenos Aires,2023-12-22,25.8,0.0
Buenos Aires,2023-12-23,30.2,0.3
Buenos Aires,2023-12-24,27.3,0.0
Buenos Aires,2023-12-25,26.0,0.6
Buenos Aires,2023-12-26,26.7,4.9
Buenos Aires,2023-12-27,26.4,1.6
Buenos Aires,2023-12-28,24.0,0.0
Buenos Aires,2023-12-29,25.1,0.3
Buenos Aires,2023-12-30,27.1,0.0
Buenos Aires,2023-12-31,26.5,0.0
Cordoba,2023-01-01,29.0,0.0
Cordoba,2023-01-02,23.3,0.0
Cordoba,2023-01-03,24.4,0.4
Cordoba,2023-01-04,26.3,0.0
Cordoba,2023-01-05,27.4,1.0
Cordoba,2023-01-06,25.1,0.0
Cordoba,2023-01-07,24.2,1.7
Cordoba,2023-01-08,31.1,0.0
Cordoba,2023-01-09,26.3,0.0
Cordoba,2023-01-10,28.1,1.4
Cordoba,2023-01-11,23.8,0.0
Cordoba,2023-01-12,,0.2
Cordoba,2023-01-13,25.3,0.0
Cordoba,2023-01-14,30.7,0.0
Cordoba,2023-01-15,26.6,3.4
Cordoba,2023-01-16,27.9,1.8
Cordoba,2023-01-17,28.5,0.0
Cordoba,2023-01-18,,0.0
Cordoba,2023-01-19,26.0,0.0
Cordoba,2023-01-20,28.0,0.0
Cordoba,2023-01-21,27.6,0.0
Cordoba,2023-01-22,25.4,0.0
Cordoba,2023-01-23,27.5,8.8
Cordoba,2023-01-24,27.0,1.7
Cordoba,2023-01-25,26.5,0.0
Cordoba,2023-01-26,26.9,0.0
Cordoba,2023-01-27,25.5,0.0
Cordoba,2023-01-28,28.1,0.0
Cordoba,2023-01-29,25.6,0.0
Cordoba,2023-01-30,22.9,0.2
Cordoba,2023-01-31,26.6,0.0
Cordoba,2023-02-01,28.0,0.8
Cordoba,2023-02-02,23.6,0.0
Cordoba,2023-02-03,24.0,0.0
Cordoba,2023-02-04,27.3,0.0
Cordoba,2023-02-05,22.4,4.1
Cordoba,2023-02-06,26.2,4.2
Cordoba,2023-02-07,26.4,0.0
Cordoba,2023-02-08,24.9,0.0
Cordoba,2023-02-09,27.2,0.0
Cordoba,2023-02-10,23.2,0.0
Cordoba,2023-02-11,26.3,0.0
Cordoba,2023-02-12,25.0,0.0
Cordoba,2023-02-13,20.9,0.0
Cordoba,2023-02-14,20.6,0.2
Cordoba,2023-02-15,21.3,0.5
Cordoba,2023-02-16,22.1,0.0
Cordoba,2023-02-17,23.7,0.0
Cordoba,2023-02-18,24.1,0.0
Cordoba,2023-02-19,25.5,0.0
Cordoba,2023-02-20,23.0,0.0
Cordoba,2023-02-21,21.0,0.0
Cordoba,2023-02-22,23.9,5.7
Cordoba,2023-02-23,25.3,0.0
Cordoba,2023-02-24,26.1,0.4
Cordoba,2023-02-25,21.5,0.0
Cordoba,2023-02-26,21.4,0.0
Cordoba,2023-02-27,,0.0
Cordoba,2023-02-28,21.1,3.4
Cordoba,2023-03-01,20.7,0.0
Cordoba,2023-03-02,20.6,0.0
Cordoba,2023-03-03,20.1,0.0
Cordoba,2023-03-04,22.0,0.3
Cordoba,2023-03-05,22.1,0.0
Cordoba,2023-03-06,22.0,0.0
Cordoba,2023-03-07,,0.0
Cordoba,2023-03-08,19.5,2.6
Cordoba,2023-03-09,19.2,2.3
Cordoba,2023-03-10,20.7,3.8
Cordoba,2023-03-11,13.6,0.0
Cordoba,2023-03-12,18.7,0.0
Cordoba,2023-03-13,22.9,0.0
Cordoba,2023-03-14,17.8,4.2
Cordoba,2023-03-15,21.1,0.0
Cordoba,2023-03-16,22.0,0.0
Cordoba,2023-03-17,21.2,0.0
Cordoba,2023-03-18,20.4,0.0
Cordoba,2023-03-19,22.0,4.3
Cordoba,2023-03-20,20.4,0.0
Cordoba,2023-03-21,18.2,0.0
Cordoba,2023-03-22,17.1,3.4
Cordoba,2023-03-23,18.6,0.7
Cordoba,2023-03-24,21.0,0.0
Cordoba,2023-03-25,18.3,2.0
Cordoba,2023-03-26,18.3,0.0
Cordoba,2023-03-27,17.3,0.0
Cordoba,2023-03-28,18.2,0.0
Cordoba,2023-03-29,17.4,0.0
Cordoba,2023-03-30,17.9,0.0
Cordoba,2023-03-31,16.3,0.0
Cordoba,2023-04-01,17.4,0.0
Cordoba,2023-04-02,17.1,0.0
Cordoba,2023-04-03,15.3,0.0
Cordoba,2023-04-04,15.4,0.0
Cordoba,2023-04-05,17.1,0.0
Cordoba,2023-04-06,15.9,0.0
Cordoba,2023-04-07,11.9,0.0
Cordoba,2023-04-08,12.4,0.0
Cordoba,2023-04-09,14.9,0.0
Cordoba,2023-04-10,13.0,0.0
Cordoba,2023-04-11,15.0,0.0
Cordoba,2023-04-12,17.4,6.0
Cordoba,2023-04-13,17.6,1.1
Cordoba,2023-04-14,14.6,0.0
Cordoba,2023-04-15,15.9,0.0
Cordoba,2023-04-16,16.3,0.5
Cordoba,2023-04-17,13.9,2.1
Cordoba,2023-04-18,,0.0
Cordoba,2023-04-19,13.3,0.0
Cordoba,2023-04-20,14.4,0.0
Cordoba,2023-04-21,13.2,0.0
Cordoba,2023-04-22,,0.0
Cordoba,2023-04-23,14.6,0.1
Cordoba,2023-04-24,13.6,0.0
Cordoba,2023-04-25,14.4,0.0
Cordoba,2023-04-26,11.5,1.4
Cordoba,2023-04-27,16.3,1.7
Cordoba,2023-04-28,14.2,0.0
Cordoba,2023-04-29,11.1,0.0
Cordoba,2023-04-30,11.3,0.0
Cordoba,2023-05-01,7.3,2.4
Cordoba,2023-05-02,12.7,1.3
Cordoba,2023-05-03,12.8,0.6
Cordoba,2023-05-04,16.5,0.0
Cordoba,2023-05-05,11.5,0.0
Cordoba,2023-05-06,9.6,0.0
Cordoba,2023-05-07,11.3,0.2
Cordoba,2023-05-08,9.1,0.0
Cordoba,2023-05-09,10.4,0.0
Cordoba,2023-05-10,9.7,0.2
Cordoba,2023-05-11,11.8,0.0
Cordoba,2023-05-12,14.2,0.0
Cordoba,2023-05-13,11.1,0.0
Cordoba,2023-05-14,9.1,0.0
Cordoba,2023-05-15,12.3,4.5
Cordoba,2023-05-16,12.7,0.0
Cordoba,2023-05-17,10.3,0.0
Cordoba,2023-05-18,13.3,0.1
Cordoba,2023-05-19,10.1,0.3
Cordoba,2023-05-20,8.9,0.0
Cordoba,2023-05-21,10.3,0.0
Cordoba,2023-05-22,10.4,0.0
Cordoba,2023-05-23,8.1,0.0
Cordoba,2023-05-24,12.6,11.2
Cordoba,2023-05-25,9.9,0.0
Cordoba,2023-05-26,6.7,0.0
Cordoba,2023-05-27,9.9,0.1
Cordoba,2023-05-28,8.2,0.0
Cordoba,2023-05-29,5.3,0.0
Cordoba,2023-05-30,7.6,0.0
Cordoba,2023-05-31,11.6,0.0
Cordoba,2023-06-01,8.8,0.0
Cordoba,2023-06-02,10.4,0.0
Cordoba,2023-06-03,10.3,0.0
Cordoba,2023-06-04,8.0,0.0
Cordoba,2023-06-05,9.3,0.0
Cordoba,2023-06-06,4.8,2.0
Cordoba,2023-06-07,10.6,2.5
Cordoba,2023-06-08,9.4,0.0
Cordoba,2023-06-09,6.6,0.0
Cordoba,2023-06-10,6.3,3.9
Cordoba,2023-06-11,4.3,0.0
Cordoba,2023-06-12,7.5,0.0
Cordoba,2023-06-13,3.0,0.0
Cordoba,2023-06-14,7.9,1.0
Cordoba,2023-06-15,4.8,0.0
Cordoba,2023-06-16,9.7,7.0
Cordoba,2023-06-17,4.2,0.4
Cordoba,2023-06-18,6.7,0.0
Cordoba,2023-06-19,9.2,0.0
Cordoba,2023-06-20,6.2,1.9
Cordoba,2023-06-21,5.5,0.1
Cordoba,2023-06-22,8.2,0.0
Cordoba,2023-06-23,6.5,0.0
Cordoba,2023-06-24,11.2,0.0
Cordoba,2023-06-25,9.1,0.2
Cordoba,2023-06-26,,0.1
Cordoba,2023-06-27,8.5,0.3
Cordoba,2023-06-28,,0.0
Cordoba,2023-06-29,6.6,0.0
Cordoba,2023-06-30,7.9,0.3
Cordoba,2023-07-01,8.8,0.0
Cordoba,2023-07-02,,0.0
Cordoba,2023-07-03,11.2,0.1
Cordoba,2023-07-04,6.7,0.0
Cordoba,2023-07-05,5.1,0.0
Cordoba,2023-07-06,8.3,0.0
Cordoba,2023-07-07,7.6,0.0
Cordoba,2023-07-08,5.8,0.0
Cordoba,2023-07-09,8.2,0.0
Cordoba,2023-07-10,5.3,0.0
Cordoba,2023-07-11,7.1,0.0
Cordoba,2023-07-12,11.2,0.0
Cordoba,2023-07-13,6.3,0.0
Cordoba,2023-07-14,7.4,0.0
Cordoba,2023-07-15,5.1,0.0
Cordoba,2023-07-16,8.6,0.0
Cordoba,2023-07-17,5.8,0.0
Cordoba,2023-07-18,8.0,0.0
Cordoba,2023-07-19,9.5,0.0
Cordoba,2023-07-20,7.0,0.0
Cordoba,2023-07-21,8.7,0.0
Cordoba,2023-07-22,8.3,0.0
Cordoba,2023-07-23,,0.0
Cordoba,2023-07-24,8.9,0.0
Cordoba,2023-07-25,10.4,1.6
Cordoba,2023-07-26,,0.8
Cordoba,2023-07-27,5.4,0.0
Cordoba,2023-07-28,4.7,0.0
Cordoba,2023-07-29,5.0,0.0
Cordoba,2023-07-30,7.6,0.2
Cordoba,2023-07-31,11.5,0.0
Cordoba,2023-08-01,10.4,0.0
Cordoba,2023-08-02,,0.0
Cordoba,2023-08-03,7.9,0.0
Cordoba,2023-08-04,5.8,0.0
Cordoba,2023-08-05,5.4,0.0
Cordoba,2023-08-06,,0.0
Cordoba,2023-08-07,10.0,0.0
Cordoba,2023-08-08,10.5,5.2
Cordoba,2023-08-09,9.7,5.4
Cordoba,2023-08-10,7.7,0.0
Cordoba,2023-08-11,8.8,0.7
Cordoba,2023-08-12,11.4,0.0
Cordoba,2023-08-13,8.3,0.0
Cordoba,2023-08-14,12.7,1.1
Cordoba,2023-08-15,11.3,0.4
Cordoba,2023-08-16,8.0,0.0
Cordoba,2023-08-17,11.1,0.0
Cordoba,2023-08-18,10.5,6.6
Cordoba,2023-08-19,8.4,0.0
Cordoba,2023-08-20,10.9,2.0
Cordoba,2023-08-21,13.3,0.0
Cordoba,2023-08-22,13.1,0.0
Cordoba,2023-08-23,11.6,0.5
Cordoba,2023-08-24,8.1,0.0
Cordoba,2023-08-25,14.6,0.0
Cordoba,2023-08-26,8.7,0.0
Cordoba,2023-08-27,10.0,3.5
Cordoba,2023-08-28,15.2,2.0
Cordoba,2023-08-29,10.0,0.0
Cordoba,2023-08-30,9.4,0.0
Cordoba,2023-08-31,12.6,0.0
Cordoba,2023-09-01,11.7,2.1
Cordoba,2023-09-02,12.0,0.0
Cordoba,2023-09-03,9.3,0.0
Cordoba,2023-09-04,13.1,0.0
Cordoba,2023-09-05,13.3,2.4
Cordoba,2023-09-06,12.9,0.0
Cordoba,2023-09-07,16.4,0.0
Cordoba,2023-09-08,12.1,0.0
Cordoba,2023-09-09,14.5,0.2
Cordoba,2023-09-10,16.8,4.5
Cordoba,2023-09-11,12.5,0.9
Cordoba,2023-09-12,11.8,1.5
Cordoba,2023-09-13,14.5,0.0
Cordoba,2023-09-14,11.0,0.0
Cordoba,2023-09-15,10.3,0.0
Cordoba,2023-09-16,15.2,0.0
Cordoba,2023-09-17,18.0,0.0
Cordoba,2023-09-18,15.7,1.7
Cordoba,2023-09-19,13.0,0.0
Cordoba,2023-09-20,16.4,1.2
Cordoba,2023-09-21,13.9,0.0
Cordoba,2023-09-22,,0.0
Cordoba,2023-09-23,13.5,0.0
Cordoba,2023-09-24,15.2,0.0
Cordoba,2023-09-25,18.4,0.0
Cordoba,2023-09-26,16.5,0.0
Cordoba,2023-09-27,16.7,3.5
Cordoba,2023-09-28,15.9,0.0
Cordoba,2023-09-29,14.6,0.0
Cordoba,2023-09-30,15.1,5.5
Cordoba,2023-10-01,13.4,0.0
Cordoba,2023-10-02,18.2,0.0
Cordoba,2023-10-03,18.2,0.0
Cordoba,2023-10-04,22.5,0.0
Cordoba,2023-10-05,17.9,0.0
Cordoba,2023-10-06,17.7,0.0
Cordoba,2023-10-07,18.6,0.0
Cordoba,2023-10-08,18.9,0.0
Cordoba,2023-10-09,18.1,2.4
Cordoba,2023-10-10,,0.0
Cordoba,2023-10-11,18.9,0.0
Cordoba,2023-10-12,19.3,4.0
Cordoba,2023-10-13,19.0,0.0
Cordoba,2023-10-14,20.9,0.0
Cordoba,2023-10-15,19.4,0.0
Cordoba,2023-10-16,17.0,0.9
Cordoba,2023-10-17,20.8,0.0
Cordoba,2023-10-18,20.0,0.0
Cordoba,2023-10-19,14.3,2.0
Cordoba,2023-10-20,20.8,1.9
Cordoba,2023-10-21,18.5,3.0
Cordoba,2023-10-22,21.4,0.0
Cordoba,2023-10-23,21.0,0.0
Cordoba,2023-10-24,20.2,0.3
Cordoba,2023-10-25,,2.4
Cordoba,2023-10-26,19.8,1.4
Cordoba,2023-10-27,18.3,0.0
Cordoba,2023-10-28,23.3,0.0
Cordoba,2023-10-29,19.6,0.0
Cordoba,2023-10-30,21.4,0.0
Cordoba,2023-10-31,21.0,0.0
Cordoba,2023-11-01,19.8,0.0
Cordoba,2023-11-02,24.0,1.1
Cordoba,2023-11-03,23.9,0.0
Cordoba,2023-11-04,21.5,0.0
Cordoba,2023-11-05,23.5,0.0
Cordoba,2023-11-06,20.9,0.0
Cordoba,2023-11-07,22.9,0.0
Cordoba,2023-11-08,20.7,0.0
Cordoba,2023-11-09,23.2,0.0
Cordoba,2023-11-10,18.8,0.0
Cordoba,2023-11-11,22.6,0.0
Cordoba,2023-11-12,24.2,0.0
Cordoba,2023-11-13,24.2,0.0
Cordoba,2023-11-14,26.2,0.0
Cordoba,2023-11-15,21.8,3.7
Cordoba,2023-11-16,28.5,0.0
Cordoba,2023-11-17,23.1,0.0
Cordoba,2023-11-18,27.0,1.5
Cordoba,2023-11-19,27.6,2.7
Cordoba,2023-11-20,28.6,0.2
Cordoba,2023-11-21,25.0,0.0
Cordoba,2023-11-22,23.2,0.9
Cordoba,2023-11-23,27.5,0.0
Cordoba,2023-11-24,22.9,0.2
Cordoba,2023-11-25,26.2,0.0
Cordoba,2023-11-26,23.7,0.2
Cordoba,2023-11-27,27.1,0.0
Cordoba,2023-11-28,27.4,0.0
Cordoba,2023-11-29,24.0,0.0
Cordoba,2023-11-30,25.0,0.0
Cordoba,2023-12-01,25.2,0.0
Cordoba,2023-12-02,26.7,6.9
Cordoba,2023-12-03,30.2,0.0
Cordoba,2023-12-04,28.9,0.0
Cordoba,2023-12-05,29.6,0.0
Cordoba,2023-12-06,24.4,0.0
Cordoba,2023-12-07,26.9,0.0
Cordoba,2023-12-08,25.0,0.0
Cordoba,2023-12-09,23.7,0.0
Cordoba,2023-12-10,27.5,0.3
Cordoba,2023-12-11,26.7,4.4
Cordoba,2023-12-12,23.8,0.0
Cordoba,2023-12-13,28.3,0.0
Cordoba,2023-12-14,28.2,0.0
Cordoba,2023-12-15,25.0,0.0
Cordoba,2023-12-16,28.4,0.0
Cordoba,2023-12-17,28.2,1.6
Cordoba,2023-12-18,27.6,0.0
Cordoba,2023-12-19,25.5,1.4
Cordoba,2023-12-20,27.8,0.0
Cordoba,2023-12-21,28.3,0.0
Cordoba,2023-12-22,23.1,0.0
Cordoba,2023-12-23,27.1,0.0
Cordoba,2023-12-24,27.6,0.0
Cordoba,2023-12-25,28.7,1.2
Cordoba,2023-12-26,26.5,0.0
Cordoba,2023-12-27,25.3,1.6
Cordoba,2023-12-28,28.4,0.9
Cordoba,2023-12-29,29.9,0.0
Cordoba,2023-12-30,26.7,0.0
Cordoba,2023-12-31,27.0,2.7
Bariloche,2023-01-01,15.1,0.7
Bariloche,2023-01-02,15.8,0.0
Bariloche,2023-01-03,21.4,0.0
Bariloche,2023-01-04,17.2,0.0
Bariloche,2023-01-05,15.1,0.0
Bariloche,2023-01-06,14.4,1.9
Bariloche,2023-01-07,20.3,1.8
Bariloche,2023-01-08,16.8,0.0
Bariloche,2023-01-09,16.8,0.0
Bariloche,2023-01-10,18.2,0.0
Bariloche,2023-01-11,22.0,0.0
Bariloche,2023-01-12,20.2,0.0
Bariloche,2023-01-13,19.3,0.0
Bariloche,2023-01-14,16.6,0.1
Bariloche,2023-01-15,19.9,0.0
Bariloche,2023-01-16,16.4,0.0
Bariloche,2023-01-17,12.1,0.8
Bariloche,2023-01-18,19.2,0.0
Bariloche,2023-01-19,17.4,0.0
Bariloche,2023-01-20,17.2,0.0
Bariloche,2023-01-21,15.4,0.0
Bariloche,2023-01-22,21.1,0.0
Bariloche,2023-01-23,16.9,0.0
Bariloche,2023-01-24,15.3,0.0
Bariloche,2023-01-25,20.9,0.9
Bariloche,2023-01-26,20.2,0.0
Bariloche,2023-01-27,16.0,0.0
Bariloche,2023-01-28,18.5,5.6
Bariloche,2023-01-29,16.0,0.0
Bariloche,2023-01-30,13.6,0.0
Bariloche,2023-01-31,17.8,0.0
Bariloche,2023-02-01,15.6,0.0
Bariloche,2023-02-02,16.5,0.0
Bariloche,2023-02-03,20.0,0.0
Bariloche,2023-02-04,15.2,0.0
Bariloche,2023-02-05,17.3,2.8
Bariloche,2023-02-06,16.9,0.1
Bariloche,2023-02-07,16.4,0.6
Bariloche,2023-02-08,16.8,0.6
Bariloche,2023-02-09,15.5,0.0
Bariloche,2023-02-10,18.8,1.3
Bariloche,2023-02-11,15.2,0.1
Bariloche,2023-02-12,10.8,0.0
Bariloche,2023-02-13,17.3,0.0
Bariloche,2023-02-14,15.6,0.0
Bariloche,2023-02-15,16.4,1.1
Bariloche,2023-02-16,17.0,0.0
Bariloche,2023-02-17,13.3,2.1
Bariloche,2023-02-18,15.6,0.0
Bariloche,2023-02-19,12.2,0.0
Bariloche,2023-02-20,11.5,0.3
Bariloche,2023-02-21,17.0,0.6
Bariloche,2023-02-22,14.9,0.0
Bariloche,2023-02-23,16.7,3.9
Bariloche,2023-02-24,13.7,0.0
Bariloche,2023-02-25,,0.0
Bariloche,2023-02-26,13.8,0.0
Bariloche,2023-02-27,12.2,5.8
Bariloche,2023-02-28,14.6,0.0
Bariloche,2023-03-01,15.4,0.0
Bariloche,2023-03-02,14.7,1.4
Bariloche,2023-03-03,17.5,0.0
Bariloche,2023-03-04,11.9,0.0
Bariloche,2023-03-05,13.0,0.6
Bariloche,2023-03-06,12.0,0.0
Bariloche,2023-03-07,10.9,0.0
Bariloche,2023-03-08,,0.0
Bariloche,2023-03-09,12.0,0.0
Bariloche,2023-03-10,11.8,0.0
Bariloche,2023-03-11,9.1,0.0
Bariloche,2023-03-12,13.8,0.0
Bariloche,2023-03-13,11.8,0.0
Bariloche,2023-03-14,12.4,0.0
Bariloche,2023-03-15,10.1,0.0
Bariloche,2023-03-16,11.7,3.1
Bariloche,2023-03-17,8.5,0.0
Bariloche,2023-03-18,13.6,0.0
Bariloche,2023-03-19,12.1,0.0
Bariloche,2023-03-20,8.4,0.0
Bariloche,2023-03-21,11.0,0.0
Bariloche,2023-03-22,12.2,0.0
Bariloche,2023-03-23,9.6,8.2
Bariloche,2023-03-24,9.6,4.5
Bariloche,2023-03-25,,0.0
Bariloche,2023-03-26,9.6,0.0
Bariloche,2023-03-27,7.5,4.3
Bariloche,2023-03-28,9.7,0.0
Bariloche,2023-03-29,12.3,0.0
Bariloche,2023-03-30,7.2,0.0
Bariloche,2023-03-31,10.1,0.0
Bariloche,2023-04-01,11.4,0.0
Bariloche,2023-04-02,14.1,0.0
Bariloche,2023-04-03,,3.9
Bariloche,2023-04-04,7.9,0.0
Bariloche,2023-04-05,12.0,0.0
Bariloche,2023-04-06,9.0,0.0
Bariloche,2023-04-07,7.8,0.0
Bariloche,2023-04-08,,0.0
Bariloche,2023-04-09,6.8,2.5
Bariloche,2023-04-10,9.6,0.0
Bariloche,2023-04-11,,0.9
Bariloche,2023-04-12,6.6,0.0
Bariloche,2023-04-13,8.7,0.0
Bariloche,2023-04-14,9.6,0.0
Bariloche,2023-04-15,6.7,0.0
Bariloche,2023-04-16,9.2,0.0
Bariloche,2023-04-17,7.3,0.0
Bariloche,2023-04-18,4.9,0.0
Bariloche,2023-04-19,5.5,0.0
Bariloche,2023-04-20,7.2,2.1
Bariloche,2023-04-21,6.3,0.0
Bariloche,2023-04-22,9.7,0.1
Bariloche,2023-04-23,7.8,0.0
Bariloche,2023-04-24,2.9,0.0
Bariloche,2023-04-25,6.9,0.0
Bariloche,2023-04-26,6.6,4.8
Bariloche,2023-04-27,6.5,1.2
Bariloche,2023-04-28,8.8,0.0
Bariloche,2023-04-29,,0.0
Bariloche,2023-04-30,6.9,0.0
Bariloche,2023-05-01,4.2,2.7
Bariloche,2023-05-02,2.6,0.0
Bariloche,2023-05-03,5.7,4.8
Bariloche,2023-05-04,3.3,0.0
Bariloche,2023-05-05,,4.1
Bariloche,2023-05-06,2.9,2.4
Bariloche,2023-05-07,2.0,0.0
Bariloche,2023-05-08,3.9,0.0
Bariloche,2023-05-09,5.2,0.7
Bariloche,2023-05-10,0.2,0.0
Bariloche,2023-05-11,4.2,0.0
Bariloche,2023-05-12,5.0,0.0
Bariloche,2023-05-13,4.5,1.7
Bariloche,2023-05-14,1.7,0.0
Bariloche,2023-05-15,3.0,3.6
Bariloche,2023-05-16,5.1,0.0
Bariloche,2023-05-17,3.2,0.0
Bariloche,2023-05-18,3.8,0.0
Bariloche,2023-05-19,3.7,0.0
Bariloche,2023-05-20,,0.0
Bariloche,2023-05-21,5.1,0.0
Bariloche,2023-05-22,1.4,0.0
Bariloche,2023-05-23,6.2,0.0
Bariloche,2023-05-24,-0.3,0.0
Bariloche,2023-05-25,-0.2,0.0
Bariloche,2023-05-26,3.3,1.0
Bariloche,2023-05-27,6.0,0.0
Bariloche,2023-05-28,1.2,0.0
Bariloche,2023-05-29,1.5,0.0
Bariloche,2023-05-30,4.8,0.6
Bariloche,2023-05-31,0.4,0.3
Bariloche,2023-06-01,-3.2,7.1
Bariloche,2023-06-02,0.7,1.9
Bariloche,2023-06-03,-3.1,0.5
Bariloche,2023-06-04,0.6,0.5
Bariloche,2023-06-05,0.9,0.2
Bariloche,2023-06-06,3.0,0.0
Bariloche,2023-06-07,-0.4,0.0
Bariloche,2023-06-08,1.5,0.0
Bariloche,2023-06-09,0.3,1.9
Bariloche,2023-06-10,-0.0,0.0
Bariloche,2023-06-11,-1.0,0.0
Bariloche,2023-06-12,4.3,0.0
Bariloche,2023-06-13,0.3,0.6
Bariloche,2023-06-14,-2.4,0.0
Bariloche,2023-06-15,-3.4,0.0
Bariloche,2023-06-16,1.9,0.0
Bariloche,2023-06-17,3.3,0.0
Bariloche,2023-06-18,0.5,0.0
Bariloche,2023-06-19,-1.0,1.0
Bariloche,2023-06-20,-4.1,1.1
Bariloche,2023-06-21,-1.3,0.0
Bariloche,2023-06-22,1.1,0.0
Bariloche,2023-06-23,,0.0
Bariloche,2023-06-24,2.4,2.0
Bariloche,2023-06-25,-3.4,0.0
Bariloche,2023-06-26,1.9,0.0
Bariloche,2023-06-27,0.6,4.7
Bariloche,2023-06-28,0.1,0.0
Bariloche,2023-06-29,-1.5,0.0
Bariloche,2023-06-30,-0.3,0.0
Bariloche,2023-07-01,-3.8,0.3
Bariloche,2023-07-02,-3.9,0.0
Bariloche,2023-07-03,1.5,0.0
Bariloche,2023-07-04,1.0,0.0
Bariloche,2023-07-05,1.7,0.0
Bariloche,2023-07-06,-1.9,0.0
Bariloche,2023-07-07,-2.1,0.0
Bariloche,2023-07-08,1.1,0.0
Bariloche,2023-07-09,1.1,0.0
Bariloche,2023-07-10,-3.5,0.0
Bariloche,2023-07-11,-1.3,0.0
Bariloche,2023-07-12,3.3,0.0
Bariloche,2023-07-13,1.7,0.0
Bariloche,2023-07-14,-0.3,4.4
Bariloche,2023-07-15,-2.2,0.0
Bariloche,2023-07-16,2.9,0.0
Bariloche,2023-07-17,3.1,1.1
Bariloche,2023-07-18,2.6,0.0
Bariloche,2023-07-19,-2.0,0.0
Bariloche,2023-07-20,4.2,1.3
Bariloche,2023-07-21,-0.4,1.4
Bariloche,2023-07-22,0.4,0.1
Bariloche,2023-07-23,1.4,0.0
Bariloche,2023-07-24,0.1,4.6
Bariloche,2023-07-25,3.9,6.2
Bariloche,2023-07-26,2.2,0.0
Bariloche,2023-07-27,0.2,0.0
Bariloche,2023-07-28,0.7,0.0
Bariloche,2023-07-29,1.9,0.0
Bariloche,2023-07-30,-1.3,0.0
Bariloche,2023-07-31,,0.0
Bariloche,2023-08-01,2.5,0.0
Bariloche,2023-08-02,2.3,0.0
Bariloche,2023-08-03,-0.2,0.8
Bariloche,2023-08-04,0.2,6.8
Bariloche,2023-08-05,-2.4,0.0
Bariloche,2023-08-06,3.1,1.2
Bariloche,2023-08-07,1.3,0.0
Bariloche,2023-08-08,6.5,0.0
Bariloche,2023-08-09,2.5,0.0
Bariloche,2023-08-10,3.8,0.0
Bariloche,2023-08-11,1.2,1.3
Bariloche,2023-08-12,,0.0
Bariloche,2023-08-13,2.8,0.0
Bariloche,2023-08-14,3.3,0.0
Bariloche,2023-08-15,3.1,3.2
Bariloche,2023-08-16,1.8,4.2
Bariloche,2023-08-17,3.5,0.0
Bariloche,2023-08-18,2.8,0.0
Bariloche,2023-08-19,-0.6,0.5
Bariloche,2023-08-20,5.6,0.0
Bariloche,2023-08-21,3.7,0.0
Bariloche,2023-08-22,-1.5,0.0
Bariloche,2023-08-23,5.8,0.0
Bariloche,2023-08-24,2.9,0.0
Bariloche,2023-08-25,6.0,0.0
Bariloche,2023-08-26,3.4,4.3
Bariloche,2023-08-27,5.1,0.0
Bariloche,2023-08-28,-1.8,0.0
Bariloche,2023-08-29,4.2,0.0
Bariloche,2023-08-30,3.5,0.0
Bariloche,2023-08-31,2.9,0.9
Bariloche,2023-09-01,5.4,0.0
Bariloche,2023-09-02,2.9,0.0
Bariloche,2023-09-03,3.5,12.3
Bariloche,2023-09-04,6.9,0.0
Bariloche,2023-09-05,6.2,0.0
Bariloche,2023-09-06,6.3,2.8
Bariloche,2023-09-07,6.9,0.0
Bariloche,2023-09-08,7.9,0.0
Bariloche,2023-09-09,7.1,0.0
Bariloche,2023-09-10,5.8,1.0
Bariloche,2023-09-11,4.2,0.0
Bariloche,2023-09-12,5.8,3.3
Bariloche,2023-09-13,5.2,0.0
Bariloche,2023-09-14,2.7,1.4
Bariloche,2023-09-15,7.0,0.0
Bariloche,2023-09-16,6.4,1.0
Bariloche,2023-09-17,7.1,0.5
Bariloche,2023-09-18,8.8,0.0
Bariloche,2023-09-19,5.9,0.0
Bariloche,2023-09-20,6.8,0.0
Bariloche,2023-09-21,8.8,2.0
Bariloche,2023-09-22,7.8,0.0
Bariloche,2023-09-23,8.4,0.0
Bariloche,2023-09-24,1.9,0.0
Bariloche,2023-09-25,8.5,0.0
Bariloche,2023-09-26,8.7,2.5
Bariloche,2023-09-27,7.4,0.0
Bariloche,2023-09-28,,0.0
Bariloche,2023-09-29,11.5,3.0
Bariloche,2023-09-30,8.8,0.3
Bariloche,2023-10-01,5.5,0.0
Bariloche,2023-10-02,7.9,2.5
Bariloche,2023-10-03,9.4,3.7
Bariloche,2023-10-04,7.8,0.9
Bariloche,2023-10-05,11.9,3.7
Bariloche,2023-10-06,11.9,0.0
Bariloche,2023-10-07,8.6,0.0
Bariloche,2023-10-08,9.7,0.0
Bariloche,2023-10-09,11.8,2.3
Bariloche,2023-10-10,5.5,0.0
Bariloche,2023-10-11,10.3,0.0
Bariloche,2023-10-12,12.7,0.0
Bariloche,2023-10-13,13.4,0.0
Bariloche,2023-10-14,11.2,0.2
Bariloche,2023-10-15,11.6,0.0
Bariloche,2023-10-16,10.5,0.0
Bariloche,2023-10-17,11.8,0.0
Bariloche,2023-10-18,6.0,0.0
Bariloche,2023-10-19,11.8,0.9
Bariloche,2023-10-20,10.9,0.0
Bariloche,2023-10-21,11.8,0.0
Bariloche,2023-10-22,12.9,2.1
Bariloche,2023-10-23,13.0,0.0
Bariloche,2023-10-24,12.0,0.0
Bariloche,2023-10-25,13.4,0.0
Bariloche,2023-10-26,11.3,0.0
Bariloche,2023-10-27,12.1,0.0
Bariloche,2023-10-28,15.2,0.0
Bariloche,2023-10-29,10.5,0.0
Bariloche,2023-10-30,13.7,0.9
Bariloche,2023-10-31,,0.2
Bariloche,2023-11-01,10.1,0.0
Bariloche,2023-11-02,14.0,1.0
Bariloche,2023-11-03,13.4,0.0
Bariloche,2023-11-04,12.0,0.0
Bariloche,2023-11-05,19.0,1.2
Bariloche,2023-11-06,15.8,0.0
Bariloche,2023-11-07,18.4,0.0
Bariloche,2023-11-08,14.9,0.0
Bariloche,2023-11-09,14.9,0.0
Bariloche,2023-11-10,17.8,0.0
Bariloche,2023-11-11,16.2,0.6
Bariloche,2023-11-12,16.2,0.7
Bariloche,2023-11-13,15.3,0.0
Bariloche,2023-11-14,18.3,0.0
Bariloche,2023-11-15,15.7,0.0
Bariloche,2023-11-16,15.5,4.6
Bariloche,2023-11-17,16.9,0.0
Bariloche,2023-11-18,17.0,0.0
Bariloche,2023-11-19,15.0,0.6
Bariloche,2023-11-20,15.5,0.0
Bariloche,2023-11-21,15.6,6.3
Bariloche,2023-11-22,19.4,0.0
Bariloche,2023-11-23,17.2,0.9
Bariloche,2023-11-24,16.3,0.4
Bariloche,2023-11-25,17.0,0.0
Bariloche,2023-11-26,14.4,0.0
Bariloche,2023-11-27,17.2,0.0
Bariloche,2023-11-28,15.8,0.0
Bariloche,2023-11-29,14.3,0.0
Bariloche,2023-11-30,18.4,0.0
Bariloche,2023-12-01,16.3,0.0
Bariloche,2023-12-02,13.2,0.0
Bariloche,2023-12-03,14.8,0.0
Bariloche,2023-12-04,16.7,0.0
Bariloche,2023-12-05,17.1,0.0
Bariloche,2023-12-06,,0.6
Bariloche,2023-12-07,16.9,0.0
Bariloche,2023-12-08,,0.0
Bariloche,2023-12-09,14.5,3.7
Bariloche,2023-12-10,16.9,0.0
Bariloche,2023-12-11,18.4,6.5
Bariloche,2023-12-12,18.3,6.0
Bariloche,2023-12-13,17.7,1.1
Bariloche,2023-12-14,18.3,0.0
Bariloche,2023-12-15,18.0,0.0
Bariloche,2023-12-16,16.4,3.1
Bariloche,2023-12-17,17.8,0.0
Bariloche,2023-12-18,18.9,0.0
Bariloche,2023-12-19,17.6,0.0
Bariloche,2023-12-20,15.4,2.0
Bariloche,2023-12-21,,0.0
Bariloche,2023-12-22,18.8,0.0
Bariloche,2023-12-23,17.3,0.9
Bariloche,2023-12-24,17.9,0.0
Bariloche,2023-12-25,19.2,0.8
Bariloche,2023-12-26,15.4,0.0
Bariloche,2023-12-27,17.0,0.0
Bariloche,2023-12-28,18.5,1.3
Bariloche,2023-12-29,16.4,1.0
Bariloche,2023-12-30,18.7,0.0
Bariloche,2023-12-31,16.7,0.0
